id;created;last_update;name;description;elzab_id;elzab_license;active;error_message;company_id
1;2022-01-12T04:35:05;2022-01-11T16:56:23;supply-chains Rubber Islands;Rustic Fantastic;Checking SCSI Mississippi;Chief Corporate end-to-end;false;streamline;1
2;2022-01-12T11:50:44;2022-01-12T08:21:03;Wooden Connecticut Cocos;Plastic;Bolivia RAM;ivory;true;transmit;2
3;2022-01-11T15:28:12;2022-01-11T23:10:08;pink paradigm;European payment;Cambridgeshire Steel Tanzania;Fantastic;true;redefine Personal;3
4;2022-01-12T11:25:05;2022-01-12T05:31:41;Bacon deposit Berkshire;synthesizing;tangible array;firewall (Chagos;true;whiteboard;4
5;2022-01-12T03:03:31;2022-01-12T06:59:28;payment Guinea-Bissau Decentralized;Switchable Branding;upward-trending;Account bandwidth Engineer;true;Granite Direct;5
6;2022-01-12T12:12:54;2022-01-12T01:30:37;impactful didactic;microchip optical Soap;blue;New;true;Toys neural;6
7;2022-01-12T11:18:33;2022-01-11T19:44:45;Principal;bypass Agent Cambridgeshire;Shoes engage Quality-focused;asynchronous Bahamas Investor;true;Unbranded;7
8;2022-01-11T22:46:12;2022-01-11T20:10:47;Chair application;e-markets;1080p circuit moratorium;Grocery;false;Anguilla revolutionize Islands;8
9;2022-01-12T09:06:12;2022-01-11T18:17:42;Movies deposit;Cambridgeshire Birr;Communications Account;sexy Dynamic;true;4th Fantastic Licensed;9
10;2022-01-12T01:13:50;2022-01-11T14:43:52;Avon protocol mesh;payment;Direct GB Technician;Customer;true;one-to-one;10
