id;created;nip;regon;street;city;post_code
1;2022-01-12T06:51:16;evolve benchmark;Loan payment;Schumm Pike;South Murraybury;06221-9977
2;2022-01-12T09:02:17;Account;invoice;Jordyn Road;Ilamouth;02379-1009
3;2022-01-12T09:55:45;enable;Automotive;Kaycee Well;Port Mariane;45969
4;2022-01-12T03:15:00;standardization protocol Customer;withdrawal;Ashlee Cliffs;Maziefurt;81561
5;2022-01-12T12:08:40;Hat relationships;middleware compressing;Kihn Islands;East Felixberg;06948-6344
6;2022-01-12T09:31:29;application protocol;Bacon architectures;Reid Tunnel;Kunzeport;22114
7;2022-01-12T14:12:13;Hawaii interactive local;Sausages Azerbaijanian;Millie Inlet;Lebsackstad;74643
8;2022-01-11T17:04:08;payment Glen;Borders Customizable;Eudora Island;Lake Riley;78167
9;2022-01-11T21:42:33;bypassing Central mobile;Isle interface;Birdie Dale;Highland;42051
10;2022-01-12T12:34:42;Borders;navigate;Bode Alley;Schmelerton;40894-2681
