id;created;type;message;data
1;2022-01-11T22:26:49;DEBUG;Clothing Chair;Central
2;2022-01-12T04:48:01;INFO;Practical New Practical;Corporate AI
3;2022-01-12T01:06:55;DEBUG;Djibouti payment;schemas
4;2022-01-11T22:06:16;DEBUG;generation Granite static;bypass GB
5;2022-01-11T22:10:06;WARNING;projection users;world-class Account
6;2022-01-12T11:20:00;INFO;optical Facilitator;auxiliary
7;2022-01-12T02:55:05;DEBUG;cohesive;navigating synthesize Krona
8;2022-01-12T05:31:40;ERROR;driver Monitored;Kids
9;2022-01-12T12:38:27;INFO;Frozen;Usability Shore Cove
10;2022-01-12T14:13:05;DEBUG;Synergized 24/7;Prairie
